participant_id,session_id,summary_date,measure,olfactory,olfactory_left,olfactory_right,olfactory_bulb,olfactory_bulb_left,olfactory_bulb_right,olfactory_bulb_external_plexiform,olfactory_bulb_external_plexiform_left,olfactory_bulb_external_plexiform_right,olfactory_bulb_glomerular,olfactory_bulb_glomerular_left,olfactory_bulb_glomerular_right,olfactory_bulb_granular,olfactory_bulb_granular_left,olfactory_bulb_granular_right,olfactory_bulb_internal_plexiform,olfactory_bulb_internal_plexiform_left,olfactory_bulb_internal_plexiform_right,olfactory_bulb_mitral,olfactory_bulb_mitral_left,olfactory_bulb_mitral_right,olfactory_peduncle,olfactory_peduncle_left,olfactory_peduncle_right,olfactory_tubercle,olfactory_tubercle_left,olfactory_tubercle_right,accessory_olfactory_bulb,accessory_olfactory_bulb_left,accessory_olfactory_bulb_right,accessory_olfactory_bulb_glomerular_layer,accessory_olfactory_bulb_glomerular_layer_left,accessory_olfactory_bulb_glomerular_layer_right,accessory_olfactory_bulb_granular_layer,accessory_olfactory_bulb_granular_layer_left,accessory_olfactory_bulb_granular_layer_right,anterior_olfactory_nucleus,anterior_olfactory_nucleus_left,anterior_olfactory_nucleus_right,lateral_olfactory_tract,lateral_olfactory_tract_left,lateral_olfactory_tract_right
IGN50,3/25/25 0:00,4/11/25 0:00,mean,29.20291118,26.62507813,31.70985382,28.13231655,26.39826465,29.74069115,24.62074505,22.913489,26.264014,24.94735751,25.447845,24.496574,34.81353754,32.130872,37.190407,28.12205775,28.88941,27.23027,20.52331426,16.781692,25.142601,37.56814143,33.307774,41.893677,21.47378028,19.46104,23.591655,61.74299162,54.71726881,68.60494467,65.05691448,59.221941,70.78952,55.12685588,45.643109,64.281306,33.6016625,26.992245,40.066499,22.9115022,20.135183,27.114541
IGN20,3/25/25 0:00,4/11/25 0:00,mean,23.65906367,23.37201079,23.95619566,21.72479297,21.52994925,21.92008749,21.30739922,20.98241,21.654762,20.16812883,21.397496,19.004633,22.87556652,22.202933,23.505886,17.9633816,21.070958,13.302017,31.76377678,27.553558,37.079178,36.0805419,36.763776,35.384111,23.51694209,23.683526,23.337928,34.03977362,26.68939216,41.9958658,39.34071656,33.753032,45.093826,23.75461074,13.909512,35.500832,28.2390679,30.353853,26.287276,15.36961509,14.759581,16.523694
IGN10,3/25/25 0:00,4/11/25 0:00,mean,26.69118568,27.33098704,26.05245608,26.0836177,26.21729441,25.95444267,24.83599639,24.431906,25.245091,28.12915103,26.675596,29.477857,26.40743672,27.868044,25.075789,17.86719988,18.702912,16.335061,36.34028512,44.446203,24.955569,30.61359677,30.520221,30.709888,25.74253501,27.148206,24.367989,42.08659656,47.722822,35.46501702,48.2369749,53.458437,41.926143,30.24856428,36.251592,23.569699,26.21987014,28.137998,24.451232,20.87538595,22.884472,17.48398
IGN30,3/25/25 0:00,4/11/25 0:00,mean,22.9004243,21.87237272,23.92685868,19.1190334,17.83300637,20.40991082,17.31838201,16.309106,18.400887,17.6266743,16.377829,18.789753,22.27215544,20.680212,23.759648,18.02811584,16.648527,20.356172,20.65424044,20.823784,20.342065,33.14250804,33.212133,33.076396,26.66983139,26.349696,26.966417,51.12356725,48.50722586,53.77871031,61.67927109,56.555019,66.819437,28.87379935,31.844167,25.784617,29.29196016,30.997687,27.834035,18.7337175,17.473347,20.782836
IGN40,3/25/25 0:00,4/11/25 0:00,mean,32.53266264,31.8805603,33.16971434,30.39244098,29.51573012,31.24389335,27.11827425,26.136509,28.137354,23.8930899,23.638517,24.14001,38.04506499,37.606204,38.428894,27.96051024,27.50438,28.63129,28.79117958,27.419347,30.746041,39.44645192,39.483924,39.410977,25.06640965,24.341652,25.715604,80.04948881,81.48142979,78.55746639,89.05937522,95.041912,82.713613,62.66251736,54.631675,70.747258,38.06418111,34.99817,40.731104,31.29489786,33.190414,28.112676
XR2L1,3/13/25 0:00,4/11/25 0:00,mean,26.19746293,25.776721,26.6090761,24.22649602,22.97741645,25.41165241,22.43314178,21.117266,23.745677,25.57355912,23.856509,27.085101,25.90309335,25.267192,26.485711,24.16304129,19.472091,30.998426,23.75763354,18.471343,29.165448,30.95690018,31.624295,30.337632,25.35180418,25.035733,25.675796,66.40288957,72.26818396,59.64313779,73.0114676,78.660785,66.640057,53.72338054,60.356505,45.753731,26.1817522,26.869077,25.613877,21.85519028,23.640693,18.551135
XR2L1,3/25/25 0:00,4/11/25 0:00,mean,37.38581899,40.43301505,34.48786337,36.59675173,38.35341129,34.9758309,34.3882053,36.401853,32.3909,24.38991101,25.423236,23.400735,45.76820252,48.293922,43.709236,37.26284543,44.600231,28.389728,30.88678236,33.716312,27.767869,37.24533457,39.407862,35.114205,23.40075394,24.560164,22.242016,86.78255336,103.3796185,71.66863019,83.28883844,99.280892,68.546978,93.4750592,111.379202,77.548061,40.92706709,49.827306,33.168576,48.13890519,58.244367,33.053339
XR4RL,3/13/25 0:00,4/11/25 0:00,mean,31.163254,33.1096615,29.15873215,29.37495237,31.86080918,26.9047099,27.04950217,29.374793,24.640711,22.52791336,24.417272,20.748635,36.26299949,39.315742,33.355011,24.2911534,27.959125,18.220028,26.21194116,32.030232,17.438328,39.04974298,38.787854,39.326976,18.14649243,18.938199,17.327997,67.50283026,63.21644152,72.21129229,73.2069395,65.252745,81.686411,55.0935595,58.98143,50.534402,43.47702836,45.204906,41.778976,35.37062547,39.034748,28.848838
XR4RL,3/25/25 0:00,4/11/25 0:00,mean,34.27440077,37.92975477,30.61412531,34.04248943,37.42424602,30.79213178,31.06209501,34.160824,27.912745,27.45605417,27.847723,27.100617,41.44088474,47.073232,36.334028,30.42098155,36.665415,21.130483,26.85277695,25.196775,28.912164,35.66853232,36.384622,34.949699,23.17023413,22.967113,23.390323,65.64585411,79.66260538,51.45462047,67.4016114,78.315335,56.153111,61.87211605,82.640782,41.63598,34.98650676,43.599013,26.838537,41.12809949,48.55861,28.669553
XR3R2,3/13/25 0:00,4/11/25 0:00,mean,24.07735919,25.76211967,22.37946143,20.21764591,21.89008564,18.59567682,19.07278398,20.137931,17.996622,21.08855768,22.962246,19.257133,21.40298406,23.914267,19.132422,17.90286838,21.017206,12.757441,14.80151603,15.332236,14.104451,34.33883717,35.252955,33.450301,23.35788747,22.583833,24.196284,65.50446792,74.3720899,55.36444986,77.97196242,89.219749,65.163999,38.66697164,42.607098,34.120672,28.87813457,30.026086,27.868729,22.11471173,24.958208,16.982021
XR3R2,3/25/25 0:00,4/11/25 0:00,mean,22.65984095,23.34656837,21.98479909,17.53975759,17.75743567,17.32797924,16.49212366,16.941035,16.025021,16.00988238,15.902901,16.111565,19.75623836,20.046726,19.499326,15.7395055,18.560833,11.41347,14.20832842,12.207529,17.670029,36.61612257,38.918144,34.493101,24.00911449,22.654551,25.386731,69.61702768,85.96983005,54.26541729,81.32245218,99.324338,64.816272,44.74300063,58.641731,31.025953,29.7351841,30.784959,28.863355,20.92069457,21.518622,19.966698
XR1R1,3/25/25 0:00,4/11/25 0:00,mean,30.7516918,29.94912435,31.54364698,27.91270024,26.6563202,29.09357729,24.63743997,24.588818,24.685134,26.0855485,23.674403,28.376972,33.49130088,31.626624,35.100617,26.2809158,24.812158,28.318225,22.02267614,19.221029,26.679468,38.69304234,38.417892,38.984378,23.0437775,24.315089,21.761519,79.81016452,83.23335605,76.42670056,93.96861808,100.202631,87.681323,48.90703834,44.971424,52.629276,37.73950819,34.382512,41.164941,29.3269251,27.699921,32.0088
XR1R1,3/25/25 0:00,4/11/25 0:00,mean,30.10579461,29.24348575,31.00884544,26.96147926,26.42634726,27.50269163,24.3288265,23.719762,24.968853,22.94717029,23.229734,22.679644,32.64457441,32.0036,33.268977,23.7704906,23.933936,23.298315,21.73900853,19.748905,24.400772,36.83587884,35.810042,37.939652,23.22763563,23.956084,22.509166,81.03865624,67.44296883,98.33940396,95.34093895,82.448564,111.967657,51.3614196,35.736231,70.701688,37.48069132,32.370841,42.646387,33.01167666,34.229512,30.721908
XR50,3/25/25 0:00,4/11/25 0:00,mean,30.17864314,31.86411282,28.52061795,25.03555505,26.21859409,23.90010667,22.84099631,22.536386,23.148744,22.77281127,22.158223,23.343399,29.09983039,33.661443,25.003661,30.37918177,28.984056,32.962748,24.06099472,22.215845,26.429768,41.55423228,40.385582,42.723926,24.12004673,25.079186,23.233815,92.72412926,103.8471904,80.13003685,108.8096872,119.301319,96.952706,59.03652987,71.56958,44.790329,44.25391779,44.460724,44.058905,35.81377774,40.462669,28.195053
XR50,3/13/25 0:00,4/11/25 0:00,mean,36.48761488,34.72385046,38.22972554,33.67330492,31.88329039,35.41082209,30.16122523,27.962304,32.445786,24.90297882,24.375951,25.405039,43.00127387,41.6113,44.231996,29.88977708,27.53958,33.782291,23.6658672,27.132266,19.45997,43.16116619,38.887849,47.482623,28.85521749,27.734115,29.971192,83.45862207,89.48801735,77.49037685,93.27782211,99.581721,86.93513,63.99929555,68.987141,59.219277,46.35208616,40.502701,51.506327,36.75581666,38.03512,34.878465
,,,,,,,,,,,,,,,,,,,,,,,,,,,,,,,,,,,,,,,,,,,,,
,,,,,,,,,,,,,,,,,,,,,,,,,,,,,,,,,,,,,,,,,,,,,
,,,,,,,,,,,,,,,,,,,,,,,,,,,,,,,,,,,,,,,,,,,,,
,,,,,,,,,,,,,,,,,,,,,,,,,,,,,,,,,,,,,,,,,,,,,
,,,,,,,,,,,,,,,,,,,,,,,,,,,,,,,,,,,,,,,,,,,,,
,,,,,,,,,,,,,,,,,,,,,,,,,,,,,,,,,,,,,,,,,,,,,
,,,,,,,,,,,,,,,,,,,,,,,,,,,,,,,,,,,,,,,,,,,,,
,,,,,,,,,,,,,,,,,,,,,,,,,,,,,,,,,,,,,,,,,,,,,
,,,,,,,,,,,,,,,,,,,,,,,,,,,,,,,,,,,,,,,,,,,,,
,,,,,,,,,,,,,,,,,,,,,,,,,,,,,,,,,,,,,,,,,,,,,
,,,,,,,,,,,,,,,,,,,,,,,,,,,,,,,,,,,,,,,,,,,,,
,,,,,,,,,,,,,,,,,,,,,,,,,,,,,,,,,,,,,,,,,,,,,
,,,,,,,,,,,,,,,,,,,,,,,,,,,,,,,,,,,,,,,,,,,,,